{
  "L_H": 1.0,
  "C_F": 0.000162,
  "R_ohm": 100.0,
  "omega_0_rad_s": 78.56742,
  "f_resonance_Hz": 12.504393,
  "Q_factor": 0.785674,
  "bandwidth_Hz": 15.915494,
  "k_eff": 2.851623
}