{
  "L_H": 1.0,
  "C_F": 0.00015,
  "R_ohm": 100.0,
  "omega_0_rad_s": 81.649658,
  "f_resonance_Hz": 12.994947,
  "Q_factor": 0.816497,
  "bandwidth_Hz": 15.915494,
  "k_eff": 2.922968
}