Morphology,Seeds,Merit_Mean,Merit_Std,Coherence_Mean,Coherence_Std,PeakAF_Mean,PeakAF_Std
fractal,"[42, 43, 44, 45, 46, 47, 48, 49, 50, 51, 52, 53, 54, 55, 56, 57, 58, 59, 60, 61, 62, 63, 64, 65, 66, 67, 68, 69, 70, 71]",0.022128,0.000474,1.113139,0.010371,0.029485,0.000682
botanical,"[42, 43, 44, 45, 46, 47, 48, 49, 50, 51, 52, 53, 54, 55, 56, 57, 58, 59, 60, 61, 62, 63, 64, 65, 66, 67, 68, 69, 70, 71]",0.027425,0.011938,1.432069,0.082103,0.028236,0.011615
random,"[42, 43, 44, 45, 46, 47, 48, 49, 50, 51, 52, 53, 54, 55, 56, 57, 58, 59, 60, 61, 62, 63, 64, 65, 66, 67, 68, 69, 70, 71]",0.037068,0.012538,1.433293,0.125023,0.038176,0.011476
fibonacci,"[42, 43, 44, 45, 46, 47, 48, 49, 50, 51, 52, 53, 54, 55, 56, 57, 58, 59, 60, 61, 62, 63, 64, 65, 66, 67, 68, 69, 70, 71]",0.009079,0.000832,1.417764,0.034041,0.009522,0.00085
voronoi,"[42, 43, 44, 45, 46, 47, 48, 49, 50, 51, 52, 53, 54, 55, 56, 57, 58, 59, 60, 61, 62, 63, 64, 65, 66, 67, 68, 69, 70, 71]",0.04462,0.019768,1.397318,0.13602,0.047286,0.019532
